id,topic,clean_text,label
2071761483009339479,inflation,"Semalam, ketika kami bermesyuarat di sebuah warung terpencil yang langsung tiada dalam Google Maps, salah seorang kawan bertanya, ""PRN Johor nanti kau turun mengundi tak?"" Aku jawab, ""Tak. And I'll explain why."" Mengikut syarat kelayakan mengundi di Malaysia, seseorang hanya perlu memenuhi beberapa syarat asas: - Warganegara Malaysia. - Berumur 18 tahun ke atas. - Berdaftar sebagai pemilih melalui pendaftaran automatik SPR berdasarkan rekod JPN. Manakala golongan yang tidak layak mengundi hanyalah: - Individu yang disahkan tidak sempurna akal. - Individu yang sedang menjalani hukuman penjara. - Individu yang dijatuhi hukuman mati atau dipenjarakan lebih 12 bulan dan masih menjalani hukuman tersebut pada tarikh kelayakan. Sekarang mari kita fikirkan. Dalam demokrasi moden: Satu undi lelaki = satu undi wanita. Satu undi orang yang benar-benar memahami ekonomi, sejarah, geopolitik dan pentadbiran = satu undi orang yang langsung tidak tahu membezakan inflasi dengan kenaikan harga. Adakah semua undi benar-benar patut dianggap setara? Majoriti manusia bukanlah terdiri daripada golongan yang berfikir secara mendalam. Majoriti hanya mengikut emosi, propaganda, sentimen semasa dan apa yang mereka lihat di media. Dalam sistem sebegini, seorang yang membuat keputusan berdasarkan ilmu dan hikmah boleh dengan mudah dikalahkan oleh ribuan orang yang membuat keputusan berdasarkan kejahilan. Orang bijak hampir mustahil untuk mengatasi jumlah orang yang bebal, kerana orang bebal sentiasa jauh lebih ramai. Itulah kelemahan asas demokrasi. Lebih menarik lagi, undang-undang sendiri mengiktiraf bahawa ada individu yang tidak layak mengundi kerana tidak sempurna akal. Tetapi pada masa yang sama, sistem ini memberikan hak mengundi kepada wanita. Sedangkan Nabi SAW sendiri menyifatkan wanita sebagai golongan yang naqisat 'aql wa din, kurang akal dan kurang agama. Kalau begitu, atas dasar apa mereka diberikan tanggungjawab yang sama dalam menentukan hala tuju sesebuah negara? Aku melihat perkara ini bukan sebagai satu bentuk penghormatan kepada wanita, tetapi sebagai satu bentuk ketidakadilan terhadap mereka. Kita meletakkan satu tanggungjawab politik yang besar ke atas golongan yang Rasulullah SAW sendiri telah jelaskan mempunyai kekurangan tertentu mengikut fitrah mereka. Hakikatnya, tidak semua hak adalah satu penghormatan. Ada tanggungjawab yang sepatutnya dipikul oleh mereka yang lebih layak memikulnya. Sama seperti kita tidak memberikan hak mengundi kepada kanak-kanak kerana mereka belum cukup matang untuk membuat keputusan yang besar. Sebagai seorang lelaki, kau tak rasa pelik bahawa undi kau mempunyai nilai yang sama dengan sesiapa sahaja tanpa mengambil kira tahap kebijaksanaan, pengalaman atau kemampuan berfikir? Bayangkan undi kau bernilai sama dengan lelaki yang takut bini sehingga semua keputusan hidupnya ditentukan oleh bini. Bayangkan undi kau bernilai sama dengan lelaki yang menganggap institusi riba hanyalah tempat orang berjual beli kelapa sawit. Bayangkan undi kau bernilai sama dengan mereka yang tidak mampu berfikir secara objektif langsung, berdarah 7-14 hari sebulan, tetapi tetap diberi kuasa menentukan masa depan seluruh negara. Tidakkah itu satu penghinaan terhadap nilai pertimbangan dan kebijaksanaan? Aku tidak menerima bahawa setiap manusia, tanpa mengambil kira ilmu, hikmah, kebijaksanaan atau kemampuan membuat pertimbangan, wajar diberikan kuasa politik yang sama. Lebih-lebih lagi apabila keseluruhan sistem politik moden, tidak kira parti mana yang menang, akhirnya tetap berkhidmat kepada tuan yang sama. Mereka mungkin bergaduh di pentas politik. Tetapi apabila menyentuh sistem kewangan fiat, bank pusat, penciptaan wang daripada hutang dan penyebaran riba secara sistemik, hampir semuanya bermain dalam permainan yang sama. Parti bertukar. Menteri bertukar. Tetapi mesin mencetak wang terus beroperasi. Riba terus berkembang. Kuasa terus dipusatkan. Jadi, kenapa turut serta?",
2088518228427628636,ringgit,"Kes Ini Kena Buat Audit Forensik Juga Tak Seperti Kes RCI Tabung Haji? Oleh Lim Sian See Kalau harga saham FGV jatuh 40% dan nilai pasaran susut kira-kira RM4 bilion ketika era BN boleh dijadikan bukti kononnya Najib “songlap” atau tidak kompeten, maka bagaimana pula kita mahu menilai apa yang berlaku kepada Petronas Chemicals? Petronas Chemicals: April 2022: Harga saham sekitar RM10.38 Nilai pasaran sekitar RM83 bilion 24 November 2025: Harga saham RM2.92 Nilai pasaran sekitar RM23 bilion Kejatuhan hampir 72%. Nilai pasaran lenyap sekitar RM60 bilion. Jadi saya mahu tanya mereka yang selama ini menggunakan kejatuhan harga FGV untuk menyerang Najib: Kalau FGV jatuh, salah Najib. PetChem jatuh jauh lebih teruk ketika era Madani, salah siapa pula? FGV disenaraikan pada 2012 pada harga RM4.55 sesaham. Dalam tempoh awal, harganya sempat meningkat sebelum terjejas apabila berlaku kejatuhan besar harga minyak dan komoditi dunia sekitar 2014 hingga 2016, yang turut menekan harga minyak sawit sampai ke RM2,000 satu tan ketika itu berbanding lebih RM4,600 satu tan hari ini. Menjelang PRU14, harga FGV sekitar RM1.80. Memang nilainya jatuh dengan ketara. Tetapi satu fakta penting jarang disebut: Sehingga PRU14, FGV masih mencatat keuntungan setiap tahun. Namun kejatuhan harga saham itu tetap dijadikan bahan untuk menggambarkan seolah-olah ada penyelewengan besar dan “songlap”. Sekarang bandingkan dengan Petronas Chemicals. PetChem disenaraikan pada 2010 ketika Najib menjadi Perdana Menteri pada harga sekitar RM5.04 sesaham. Selepas itu syarikat ini mencatat keuntungan besar tahun demi tahun dan harga sahamnya akhirnya meningkat melebihi RM10 sebelum era Madani. Tetapi keadaannya berubah. Sejak 2024, PetChem mencatat kerugian suku tahunan pertama dalam sejarahnya. Pada 2025, kerugian berterusan dan bagi sembilan bulan pertama sahaja jumlah kerugian sudah sekitar RM1.32 bilion. Harga saham pula pernah menjunam daripada lebih RM10 kepada RM2.92. Ini bukan sekadar turun 40%. Ini hampir 72%. Dan bukan RM4 bilion nilai pasaran hilang. Sekitar RM60 bilion. Punca yang diberikan pula ialah keadaan industri: permintaan global yang lemah, tekanan margin serta lebihan kapasiti petrokimia dunia. Itu memang penjelasan ekonomi yang munasabah. Tetapi bukankah perkara yang sama patut digunakan ketika menilai FGV? Harga komoditi jatuh, industri tertekan, harga saham jatuh. Kenapa apabila FGV jatuh, terus mahu dikaitkan dengan “songlap”, ""tidak kompeten"" atau salah Najib? Tetapi apabila PetChem jatuh jauh lebih teruk dan mula mencatat kerugian, tiba-tiba semua orang faham bahawa harga saham boleh jatuh kerana faktor pasaran? Petronas pula memiliki sekitar 65% PetChem manakala KWSP memegang sekitar 12%. Jadi kalau kita mahu konsisten dengan standard yang digunakan terhadap FGV, patutkah pula kita kata kejatuhan nilai puluhan bilion ringgit PetChem mesti disiasat sebagai satu “skandal”? Perlu audit forensik juga atau RCI? Perlu cari siapa yang “sakau” RM60 bilion nilai pasaran itu? Sudah tentu soalan itu kedengaran mengarut sebab kejatuhan harga saham tidak secara automatik bermaksud wang dicuri. Nilai pasaran jatuh bukan bukti rasuah. Kerugian pelaburan juga bukan bukti penyelewengan. Itulah sebenarnya masalah apabila naratif politik digunakan untuk menilai sesuatu pelaburan. FGV jatuh 40%: salah Najib. PetChem jatuh hampir 72%: faktor pasaran. Standard apa macam ini?",
2088098243892883502,ringgit,"Hari ni isi minyak free sbb claim voucher shell rm40 ringgit, dpt la minyak dlm 20litre☺️",
2082075819409834391,ringgit,"𝗞𝗘𝗡𝗬𝗔𝗧𝗔𝗔𝗡 𝗠𝗘𝗗𝗜𝗔 𝟮𝟴 𝗝𝘂𝗹𝗮𝗶 𝟮𝟬𝟮𝟲 𝗣𝗥𝗡 𝗝𝗢𝗛𝗢𝗥 𝟮𝟬𝟮𝟲: 𝗣𝗘𝗡𝗬𝗔𝗧𝗔 𝗣𝗘𝗥𝗕𝗘𝗟𝗔𝗡𝗝𝗔𝗔𝗡 𝗗𝗔𝗡 𝗦𝗨𝗠𝗕𝗘𝗥 𝗞𝗘𝗪𝗔𝗡𝗚𝗔𝗡 Salah satu budaya baru yang dibawa 𝗕𝗘𝗥𝗦𝗔𝗠𝗔 ialah ketelusan dalam pendanaan politik, sebagai usaha untuk memeras rasuah dengan menukar budaya. 𝗕𝗘𝗥𝗦𝗔𝗠𝗔 percaya bahawa slogan anti-rasuah dan janji-janji perubahan undang-undang untuk membanteras rasuah politik telah bertukar menjadi retorik semata-mata. Parti-parti bertukar ganti menjadi kerajaan persekutuan dan negeri-negeri tetapi amalan rasuah politik tetap berterusan. Kebelakangan ini, parti-parti politik tanpa segan silu menggunakan agensi-agensi, aset-aset kerajaan dan dana awam untuk berkempen. Perkara ini diterima oleh majoriti rakyat Malaysia kerana gabungan-gabungan parti besar seperti PH, BN dan PN kesemuanya melakukan kesalahan yang sama. Begitu juga dengan amalan memberi wang minyak, duit poket atau duit belanja kepada pengundi-pengundi. Ada pengundi yang tidak segan silu lagi memaparkan mereka menerima wang untuk mengundi. Salah satu punca utama ialah perjalanan parti-parti politik masih bergantung kepada khidmat berbayar. Jentera-jentera dibayar, orang ramai diberikan wang dan hadiah untuk hadir ke program-program kempen dan petugas kira undi dibayar. Di PRN Johor, ada petugas kira undi (PACA) yang dibayar sehingga RM700 seorang (termasuk belanja minyak dan penginapan). Ada yang dibayar mengikut jam (contoh RM70 setiap jam bertugas). Selagi gerak kerja kempen dan perjalanan aktiviti parti-parti politik perlu dibayar, selagi itulah amalan rasuah sukar dibendung. Hakikatnya, sesebuah gabungan politik membelanjakan puluhan juta ringgit, malah mencecah ratusan juta ringgit untuk sesebuah pilihan raya negeri. Wang rasuah ini didahulukan oleh kumpulan-kumpulan berkepentingan, sama ada ahli-ahli perniagaan atau dari perniagaan haram yang bertentangan dengan undang-undang. Balasannya kelak ialah kontrak-kontrak besar kerajaan yang nilainya dinaikkan berlipat kali ganda untuk mendapatkan kembali modal yang telah dilaburkan kepada gabungan parti politik besar semasa pilihan raya. Lebih teruk lagi, jika ia melibatkan aktiviti haram, tindakan tidak diambil terhadap aktiviti haram seperti perjudian atas talian, penyeludupan dan pelbagai lagi kegiatan haram, sebagai ganti kepada sumbangan dana semasa kempen pilihan raya. Jika ada satu kekecewaan utama saya sepanjang saya menjadi ahli politik ialah kegagalan saya merubah amalan ini di dalam parti-parti politik yang saya pernah terlibat. Juga kegagalan saya meyakinkan majoriti rakyat Malaysia untuk membenci amalan rasuah politik seperti ini, yang diberikan atas nama sumbangan atau duit minyak. Sebab itu, apabila saya dan Nik Nazmi berkesempatan memulakan kembali kerjaya politik kami dari bawah melalui 𝗕𝗘𝗥𝗦𝗔𝗠𝗔, saya berhasrat melatih aktivis-aktivis politik yang benar-benar benci kepada amalan rasuah seperti ini. Rasuah seperti ini menyebabkan maruah kita tergadai. Demi wang, kita sanggup menukar pendirian, memberi alasan dan menutup mata kepada kerosakan. Tetapi ia perlu bermula dengan menukar budaya bagaimana gerak kerja kempen sesebuah parti dijalankan. Ia bermula dengan kembali kepada asas politik, iaitu keikhlasan untuk menyumbang demi kebaikan masyarakat dengan melakukan sesuatu dengan sukarela. Alhamdulillah, perkara itu dapat dilaksanakan oleh 𝗕𝗘𝗥𝗦𝗔𝗠𝗔 dalam PRN Johor yang lepas. Keseluruhan kempen BERSAMA dilaksanakan secara sukarela tanpa perlu ada bayaran dan apa-apa perbelanjaan kempen yang lain dibiayai sepenuhnya dari tiga (3) sumber orang ramai: 1)Yuran keahlian BERSAMA sebanyak RM20 setiap ahli 2)Kutipan dana dari majlis makan malam mengumpul dana #WeFund untuk PRN Johor 3)Sumbangan peribadi dari penderma dan penyokong dalam jumlah yang kecil, sama ada melalui crowdfunding atau sumbangan peribadi Hari ini, 𝗕𝗘𝗥𝗦𝗔𝗠𝗔 merintis budaya baru dalam sejarah politik Malaysia dengan membentangkan sepenuhnya penyata perbelanjaan dan sumber kewangan bagi PRN Johor baru-baru ini, seperti yang diperincikan di dalam Lampiran A. Pautan Lampiran A: Amalan ini akan menjadi disiplin 𝗕𝗘𝗥𝗦𝗔𝗠𝗔 untuk semua pilihan raya yang disertai di masa akan datang. Saya berharap sumbangan kecil 𝗕𝗘𝗥𝗦𝗔𝗠𝗔 dalam membawa budaya politik bersih ini akan membuka hati lebih ramai pengundi untuk bersama kami di masa akan datang. 𝟮𝟴 𝗝𝘂𝗹𝗮𝗶 𝟮𝟬𝟮𝟲 Bagi pihak BERSAMA 𝗥𝗔𝗙𝗜𝗭𝗜 𝗥𝗔𝗠𝗟𝗜",
2082034123284304309,ringgit,"𝗞𝗘𝗡𝗬𝗔𝗧𝗔𝗔𝗡 𝗠𝗘𝗗𝗜𝗔 𝟮𝟴 𝗝𝘂𝗹𝗮𝗶 𝟮𝟬𝟮𝟲 𝗣𝗥𝗡 𝗝𝗢𝗛𝗢𝗥 𝟮𝟬𝟮𝟲: 𝗣𝗘𝗡𝗬𝗔𝗧𝗔 𝗣𝗘𝗥𝗕𝗘𝗟𝗔𝗡𝗝𝗔𝗔𝗡 𝗗𝗔𝗡 𝗦𝗨𝗠𝗕𝗘𝗥 𝗞𝗘𝗪𝗔𝗡𝗚𝗔𝗡 Salah satu budaya baru yang dibawa 𝗕𝗘𝗥𝗦𝗔𝗠𝗔 ialah ketelusan dalam pendanaan politik, sebagai usaha untuk memeras rasuah dengan menukar budaya. 𝗕𝗘𝗥𝗦𝗔𝗠𝗔 percaya bahawa slogan anti-rasuah dan janji-janji perubahan undang-undang untuk membanteras rasuah politik telah bertukar menjadi retorik semata-mata. Parti-parti bertukar ganti menjadi kerajaan persekutuan dan negeri-negeri tetapi amalan rasuah politik tetap berterusan. Kebelakangan ini, parti-parti politik tanpa segan silu menggunakan agensi-agensi, aset-aset kerajaan dan dana awam untuk berkempen. Perkara ini diterima oleh majoriti rakyat Malaysia kerana gabungan-gabungan parti besar seperti PH, BN dan PN kesemuanya melakukan kesalahan yang sama. Begitu juga dengan amalan memberi wang minyak, duit poket atau duit belanja kepada pengundi-pengundi. Ada pengundi yang tidak segan silu lagi memaparkan mereka menerima wang untuk mengundi. Salah satu punca utama ialah perjalanan parti-parti politik masih bergantung kepada khidmat berbayar. Jentera-jentera dibayar, orang ramai diberikan wang dan hadiah untuk hadir ke program-program kempen dan petugas kira undi dibayar. Di PRN Johor, ada petugas kira undi (PACA) yang dibayar sehingga RM700 seorang (termasuk belanja minyak dan penginapan). Ada yang dibayar mengikut jam (contoh RM70 setiap jam bertugas). Selagi gerak kerja kempen dan perjalanan aktiviti parti-parti politik perlu dibayar, selagi itulah amalan rasuah sukar dibendung. Hakikatnya, sesebuah gabungan politik membelanjakan puluhan juta ringgit, malah mencecah ratusan juta ringgit untuk sesebuah pilihan raya negeri. Wang rasuah ini didahulukan oleh kumpulan-kumpulan berkepentingan, sama ada ahli-ahli perniagaan atau dari perniagaan haram yang bertentangan dengan undang-undang. Balasannya kelak ialah kontrak-kontrak besar kerajaan yang nilainya dinaikkan berlipat kali ganda untuk mendapatkan kembali modal yang telah dilaburkan kepada gabungan parti politik besar semasa pilihan raya. Lebih teruk lagi, jika ia melibatkan aktiviti haram, tindakan tidak diambil terhadap aktiviti haram seperti perjudian atas talian, penyeludupan dan pelbagai lagi kegiatan haram, sebagai ganti kepada sumbangan dana semasa kempen pilihan raya. Jika ada satu kekecewaan utama saya sepanjang saya menjadi ahli politik ialah kegagalan saya merubah amalan ini di dalam parti-parti politik yang saya pernah terlibat. Juga kegagalan saya meyakinkan majoriti rakyat Malaysia untuk membenci amalan rasuah politik seperti ini, yang diberikan atas nama sumbangan atau duit minyak. Sebab itu, apabila saya dan Nik Nazmi berkesempatan memulakan kembali kerjaya politik kami dari bawah melalui 𝗕𝗘𝗥𝗦𝗔𝗠𝗔, saya berhasrat melatih aktivis-aktivis politik yang benar-benar benci kepada amalan rasuah seperti ini. Rasuah seperti ini menyebabkan maruah kita tergadai. Demi wang, kita sanggup menukar pendirian, memberi alasan dan menutup mata kepada kerosakan. Tetapi ia perlu bermula dengan menukar budaya bagaimana gerak kerja kempen sesebuah parti dijalankan. Ia bermula dengan kembali kepada asas politik, iaitu keikhlasan untuk menyumbang demi kebaikan masyarakat dengan melakukan sesuatu dengan sukarela. Alhamdulillah, perkara itu dapat dilaksanakan oleh 𝗕𝗘𝗥𝗦𝗔𝗠𝗔 dalam PRN Johor yang lepas. Keseluruhan kempen BERSAMA dilaksanakan secara sukarela tanpa perlu ada bayaran dan apa-apa perbelanjaan kempen yang lain dibiayai sepenuhnya dari tiga (3) sumber orang ramai: 1) Yuran keahlian BERSAMA sebanyak RM20 setiap ahli 2) Kutipan dana dari majlis makan malam mengumpul dana #WeFund untuk PRN Johor 3) Sumbangan peribadi dari penderma dan penyokong dalam jumlah yang kecil, sama ada melalui crowdfunding atau sumbangan peribadi Hari ini, 𝗕𝗘𝗥𝗦𝗔𝗠𝗔 merintis budaya baru dalam sejarah politik Malaysia dengan membentangkan sepenuhnya penyata perbelanjaan dan sumber kewangan bagi PRN Johor baru-baru ini, seperti yang diperincikan di dalam Lampiran A (boleh rujuk di bahagian gambar). Amalan ini akan menjadi disiplin 𝗕𝗘𝗥𝗦𝗔𝗠𝗔 untuk semua pilihan raya yang disertai di masa akan datang. Saya berharap sumbangan kecil 𝗕𝗘𝗥𝗦𝗔𝗠𝗔 dalam membawa budaya politik bersih ini akan membuka hati lebih ramai pengundi untuk bersama kami di masa akan datang. 𝟮𝟴 𝗝𝘂𝗹𝗮𝗶 𝟮𝟬𝟮𝟲 Bagi pihak 𝗕𝗘𝗥𝗦𝗔𝗠𝗔 𝗥𝗔𝗙𝗜𝗭𝗜 𝗥𝗔𝗠𝗟𝗜",
2054168250003624283,iran_sekatan,"“Pendekatan kerajaan adalah untuk memastikan akses saksama kepada semua infrastruktur, termasuk internet. Kami mengiktiraf akses internet sebagai hak sivil, dan ini juga merupakan pandangan presiden.” #AWANInews #AWANI745",
1958745407582085563,iran_boikot,"LAPORAN BERITA Kenyataan COO MyBurgerLab Undang Kecaman, Netizen Gesa Boikot KUALA LUMPUR – Syarikat makanan segera tempatan, MyBurgerLab kini berdepan dengan kecaman hebat susulan kenyataan kontroversi yang didakwa dibuat oleh Ketua Pegawai Operasinya (COO), Andrew Chong, di media sosial. Dalam hantaran di akaun X (Twitter) miliknya, Andrew Chong dilihat memberi komen berbunyi: ""Wow.. Slowly but surely if Malaysia is taken over by extremism, we will become Iran after the revolution ie. what you see today, and that should scare everyone."" Kenyataan itu dikeluarkan sebagai respon kepada undang-undang mewajibkan orang lelaki sembahyang Jumaat di Terengganu. Kenyataan itu mencetuskan kemarahan ramai pihak yang menuduh ia berbaur Islamofobia serta menyamakan pelaksanaan undang-undang syariah dengan ekstremisme. Beberapa pengguna media sosial menuntut tindakan boikot terhadap jenama MyBurgerLab, dengan mendakwa kejayaan perniagaan tersebut sebelum ini banyak disokong oleh pelanggan Muslim. Seorang pengguna X menulis: ""Andrew Chong COO @myburgerlab yang menghina Agama Islam dan hukuman syariah sebagai extremism ni... Marilah boikot sampai dia miskin dan sedar diuntung, sebelum ini dia sendiri disokong oleh ekonomi orang Islam."" Manakala seorang lagi pengguna, melalui hantaran di Instagram, menegaskan: ""Boycott MY BURGER LAB!! For me this is too much and you really don’t know your place dude!"" Gesaan boikot itu turut menjadi perbualan meluas di pelbagai platform media sosial, dengan sebahagian netizen menuntut penjelasan rasmi daripada pihak pengurusan MyBurgerLab berhubung kenyataan pegawai kanan mereka. Setakat ini, pihak MyBurgerLab masih belum mengeluarkan sebarang kenyataan balas rasmi mengenai isu tersebut. Yang ada hanya kenyataan permohonan maaf ala kadar Andrew Chong di akaun media sosial miliknya. Namun, tekanan daripada masyarakat dijangka akan terus meningkat selagi tiada penjelasan mahupun tindakan lanjut diambil. - MYNEWSHUB",
1958725954077159491,iran_boikot,"PANAS | ‘Malaysia akan menjadi Iran selepas revolusi dan ini sepatutnya menakutkan semua orang’ Kritik tindakan Terengganu tangani isu lelaki tidak solat Jumaat, kenyataan Andrew Chong Kah Tze, Ketua Pegawai Operasi @myBurgerLab dilihat Islamofobik, cetus laungan boikot.",
1639782155369979904,iran_boikot,"ITS TOO LATE bro , its too late. Hampir semua negara Arab boikot Malaysia , gara² bodoh sombong @chedetofficial @pakatanharapan_ slps pru14. Iran ? Iran langsung tak guna selain hanya bermibat sebar fahaman syiah shj. Rendah nilai ekonomi",
1595223046960214016,iran_boikot,Pemain Iran meletakkan diri mereka dalam bahaya apabila enggan menyanyikan lagu kebangsaan dalam aksi pembukaan Piala Dunia menentang England kelmarin.,
2065320771212169482,iran_beban,"#kualalumpur Kerajaan masih menanggung beban subsidi bahan api antara RM1,500 hingga RM1,700 sesaat pada harga minyak semasa susulan ketidaktentuan pasaran tenaga global yang dipengaruhi konflik Amerika Syarikat (AS)-Iran, sekali gus memberi tekanan kepada kedudukan fiskal negara",
2062121069738447242,iran_beban,"Bitcoin adalah crypto paling sukar untuk dihalang, sebab Iran, China, Russia banyak miners Kalau miners US dipaksa block coins Iran, Iran kene tunggu lama sikit je Miners kat Malaysia susah dipaksa block transfers pasal banyak kongsi gelap yang mining",
2054382434196881493,iran_beban,Trump akui tidak ambil kira kesan ekonomi perang terhadap rakyat AS #SHGlobal Donald Trump mengakui tidak mempertimbangkan beban ekonomi rakyat Amerika dalam rundingan dengan Iran ketika kos tenaga di AS terus meningkat akibat konflik. #SinarHarian #DonaldTrump #kesanekonomi #rakyatAS,
2045517651771109407,iran_beban,"Aku pernah terbaca, antara sebab claim ke atas makanan adalah paling susah atas sebab kewujudan ""rosetta cookies"" macam ni. Ada terlalu banyak budaya yang ada kuih ni. Malaysia, Indonesia, India, Sri Lanka, Iran, malah Mexico.",
2080561354088570967,iran_petronas,"Satu lagi kapal PETRONAS lepasi Selat Hormuz, tiba di Melaka awal Ogos – PM #BHnasional Kejayaan ini hasil kebijaksanaan dasar luar Malaysia, kekal hubungan baik dengan Iran",
2080553564829589692,iran_petronas,"Malaysia berjaya memastikan sebuah lagi kapal tangki PETRONAS melalui Selat Hormuz dan dijangka tiba di Melaka awal Ogos ini. Perdana Menteri, Datuk Seri Anwar Ibrahim berkata, kelulusan laluan itu diberikan Kerajaan Iran meskipun Selat Hormuz ditutup susulan konflik Iran dan Amerika Syarikat (AS).",
2045366713080844699,iran_petronas,Berita baik untuk rakyat Malaysia! Sebuah kapal minyak Petronas dah selamat sampai Pengerang. Syukur usaha pantas PM @anwaribrahim berhubung terus dengan Presiden Iran membuahkan hasil walaupun geopolitik kat sana tengah tegang. Macam mana dengan kapal yang lain? ✅ 1 dah sampai Pengerang. ⏳ 1 lagi on the way. 🛠️ 1 terkandas sebab rosak. ⚠️ 4 lagi tengah tunggu pergerakan (dah dapat lampu hijau dari Iran). Jom sama-sama kita doakan semua baki kapal dan anak kapal kita pulang dengan selamat! 🤲🏼🇲🇾 #krisistenagaglobal #kapalminyak #MalaysiaMADANI #anwaribrahim #keadilanuntuksemua,
2044655287244890316,iran_petronas,Malaysia's Petronas to supply excess fuel to Australia as leaders vow closer energy ties,
2044291796663165372,iran_petronas,"𝗣𝗘𝗡𝗚𝗘𝗟𝗨𝗔𝗥𝗔𝗡 𝗠𝗜𝗡𝗬𝗔𝗞 𝗠𝗘𝗡𝗧𝗔𝗛 𝗡𝗘𝗚𝗔𝗥𝗔 𝗝𝗔𝗧𝗨𝗛 𝗠𝗘𝗡𝗗𝗔𝗗𝗔𝗞: 𝗦𝗔𝗟𝗔𝗛 𝗦𝗜𝗔𝗣𝗔? Saya berharap krisis tenaga yang berlaku akibat serangan US-Israel ke atas Iran akan buka peluang kepada lebih ramai rakyat Malaysia memahami persimpangan yang kita lalui. Saya sudah terangkan fakta yang tidak boleh disangkal oleh sesiapa pun: pengeluaran minyak mentah negara telah berkurangan separuh dari lebih 700,000 tong sehari di kemuncaknya dua dekah dahulu, kepada sekitar 340,000 tong sehari sekarang. Ada yang bertanya: kenapa PETRONAS tak pergi gali dan keluarkan lebih banyak minyak mentah? Sebab minyak ini emas hitam yang Allah bagi kepada kita. Kalau dah habis, habislah. Saya terangkan dalam video ini beberapa perkara: - Kenapa pengeluaran minyak turun mendadak - Struktur kos industri minyak - berapa keuntungan PETRONAS untuk setiap tong minyak dan menjawab mengenai masa depan PETRONAS dan sumber minyak negara secara amnya. Untuk memahami lebih lanjut, tonton video penuh penerangan isu ini:",
2044247588707414139,iran_petronas,"🔥 @MCMC_RASMI Siasat Penyebar Berita Palsu Isu Pembekalan Diesel Ke Filipina 📌 Tindakan MCMC: Suruhanjaya Komunikasi dan Multimedia Malaysia (MCMC) telah merakam keterangan seorang individu dan menyita peranti komunikasinya kerana disyaki menyebar berita palsu mengenai penghantaran 329,000 tong diesel ke Filipina. 📌 Fakta Sebenar: Pihak berkuasa mengesahkan diesel berkenaan adalah milik syarikat perdagangan Vitol, dan bukannya milik Petronas mahupun Kerajaan Malaysia. 📌 Kertas Siasatan: Setakat 14 April 2026, sebanyak 47 kertas siasatan telah dibuka berhubung penyebaran berita palsu krisis tenaga global susulan konflik di Asia Barat. 📌 Dakwaan Palsu Lain: Selain isu diesel, berita palsu yang sedang tular termasuklah dakwaan kenaikan melampau harga bahan api dan tarif elektrik, kapal Malaysia membayar tol kepada Iran di Selat Hormuz, serta subsidi BUDI95 diberikan kepada warga Singapura. 📌 Hukuman: Kes disiasat di bawah Seksyen 233 Akta Komunikasi dan Multimedia 1998, yang membawa hukuman denda maksimum RM500,000 atau penjara sehingga dua tahun, atau kedua-duanya sekali jika sabit kesalahan. MCMC menegaskan bahawa tindakan tegas akan diambil terhadap mana-mana pihak yang menyalahgunakan platform digital untuk mengelirukan orang ramai.",
2041668435336101950,iran_petronas,"#NSTnation The Ocean Thunder, chartered by Petco, a unit of Petronas, is among seven Malaysia-linked vessels cleared by Iran to transit the Strait of Hormuz.",
2041120002225606852,iran_petronas,#FMTNews Embassy’s statement comes amid reports a Petronas-chartered tanker carrying Iraqi crude has safely made the passage. Full Article:,
2040980345865322634,iran_petronas,"An oil tanker, carrying Iraqi crude and chartered by PETRONAS subsidiary Petco, has passed through the Strait of Hormuz en route to Pengerang in Johor. Sources told Reuters the vessel is among seven Malaysia-linked ships cleared by Iran to transit the route. 🧵1",
2040813899357057360,iran_petronas,"The tanker - which data showed was chartered by Petco, a ​unit of Malaysia's Petronas - is among seven Malaysia-linked vessels cleared by ​Iran to transit the Strait of Hormuz, two people familiar with the matter told Reuters.",
2038961880132391004,iran_petronas,"Duta Besar Iran mengesahkan 7 kapal milik Malaysia, termasuk aset Petronas dan MISC, dibenarkan melintasi Selat Hormuz tanpa sebarang bayaran. Keputusan Tehran ini mencerminkan hubungan akrab diplomatik Malaysia-Iran, di mana Malaysia diberikan keutamaan laluan tanpa gangguan.",
2038921562913481016,iran_petronas,"Kapal milik Malaysia dibenarkan melayari Selat Hormuz dengan selamat tanpa dikenakan sebarang tol, menurut Duta Besar Iran ke Malaysia, Valiollah Mohammadi Nasrabadi. Beliau berkata Tehran telah dimaklumkan mengenai tujuh kapal milik Malaysia yang berhasrat untuk transit di selat berkenaan di tengah ketegangan serantau yang semakin meningkat, dan mengesahkan kapal-kapal tersebut akan dibenarkan melalui laluan itu kerana hubungan baik antara kedua-dua negara. Tujuh kapal berkenaan terdiri daripada tiga milik Petronas, dua milik MISC Bhd, serta masing-masing satu milik Sapura Energy dan Shapadu Corporation Sdn Bhd, yang kini menunggu isyarat kebenaran untuk melalui laluan strategik itu. Menurut Iran, Selat Hormuz masih terbuka kepada perkapalan antarabangsa, namun akses mungkin dihadkan kepada negara tertentu yang terlibat atau menyokong serangan terhadap negara tersebut. 📸: BERNAMA #Rakitamy",
2038892995731407278,iran_petronas,#FMTBusiness Shares of the petrochemical producer are set to finish the month at the top of the MSCI Asia benchmark after a 102% climb since the war in Iran began. Full Article:,
2038621737336639806,iran_petronas,"Perang IRAN-US yang cetus krisis tenaga dan minyak patut memberi pengajaran kepada Kerajaan Malaysia. Tetapi sayangnya, Kerajaan masih gagal fahami perkara asas dalam mencari alternatif kepada sumber minyak & gas. Tenaga yang bersih dan lebih mudah! Patutnya Biofuel bukannya tenaga nuklear. Tenaga nuklear memang bersih tetapi tidak mudah dan tidak murah. Yang kat depan mata xnak dibuat tetapi yang jauh di pandangan pula dicari. Walhal 21 Mac 2006 Kerajaan telah lancarkan Biofuel B5. Maksudnya dah lama ada dasar. Kini dah 20 tahun. Tetapi kita masih berada pada tahap B20. Ini buktikan bahawa kita gagal. Dasar tinggal di atas kertas. Sebab berubah Menteri berubah fokus. Yang menerima nasib adalah rakyat dan Negara akibat kecuaian pembuat dasar. Indonesia dah mula guna B40 sejak awal 2025 untuk kurangkan kebergantungan pada bahan api import. Sekarang susulan perang Iran-US, mereka tengah bergerak ke arah B50 pula, dengan sasaran 15.6 bilion liter pengeluaran menjelang 2026 dijangka jimat sekitar USD 8.3 bilion daripada import diesel fosil. Ini contoh pelaksanaan realistik. Fun fact: Malaysia yang ajar Indonesia bidang Olechemicals Walapun dari segi blend, Indonesia kedepan. Mereka terlalu bergantung kepada generasi 1 biofuel. Kini generasi biofuel sudah ke generasi 4/5. Banyak kajian dan penyelidikan sudah tersedia terbukti dengan hasil di Malaysia. Malaysia amat kaya dengan industri kelapa sawit. Industri kelapa sawit hasilkan byproduct/waste iaitu Palm Fatty Acid Distillate (PFAD) yang amat banyak. PFAD mampu dijadikan sebagai biofuel. Kerana kandungan FFA yang tinggi menjadikannya bahan mentah yang sesuai untuk sintesis biodiesel melalui tindak balas esterifikasi dan transesterifikasi. Still kerajaan gagal integratekan industri biofuel dan industri kelapa sawit. Tapi kenapa Kerajaan tak bersungguh dalam hal ini? Sebab kita terlalu selesa dengan kehadiran. PETRONAS. Jadi kita tak kan fikir tentang biofuel sehingga reservoir minyak negara kering sepenuhnya. Lepas itu baru gelabah dan terhegeh-hegeh mencari alternatif seperti biofuel. Kalau ikutkan dah 20 tahun pun patut dah Biofuel B100 fully dilaksanakan. Hmmmmm",
2037815635107856713,iran_petronas,"'Harga minyak naik akibat konflik di Asia Barat tak bermakna dividen tinggi daripada PETRONAS kepada kerajaan' - Muhammad Kamil #BHNasional Negara turut import minyak, 50 peratus daripadanya melalui laluan Selat Hormuz di Iran.",
2037697701127598204,iran_petronas,Malaysia eyes Petronas’ global investments for fuel supply buffer as US-Iran crisis worsens,
2037152254852292716,iran_petronas,"PM Anwar thanks Iran’s President Masoud Pezeshkian for allowing Malaysian oil tankers safe passage through the Strait of Hormuz, ensuring continued energy supply amid West Asia tensions. #Malaysia #AnwarIbrahim #StraitOfHormuz #Petronas #EnergySecurity",
2096996668092846388,iran_subsidi,"#tehran #Global Kerajaan Iran mengumumkan kenaikan mendadak harga bahan api ketika negara itu berdepan krisis ekonomi yang teruk sejak perang bermula, lapor Agensi Berita Jerman (dpa).",
2050019720137699553,iran_subsidi,"Banyak krisis kita pernah lalui. Perang iran iraq. Perang iraq. Krisis kewangan asia. Pandemik covid19. Kerajaan ketika itu mampu menghadapinya tanpa menjejaskan kepentingan rakyat. Tiba kerajaan madani, berdegar2 jaja sasar subsidi boleh jimat bilion2. Bijak sungguh anwar et al.",
2046211834987028781,iran_subsidi,"[MEJA BULAT] KRISIS TENAGA & KELESTARIAN SUBSIDI: APA NASIB RAKYAT MARHAEN? Krisis Asia Barat melibatkan perang AS-Israel dengan Iran dan sekatan di Selat Hormuz meninggalkan impak besar kepada ekonomi negara, secara langsung menjejaskan rakyat marhaen termasuk pesawah, usahawan perusahaan mikro, kecil dan sederhana (PMKS), pengusaha bas sekolah dan lain-lain. Penerusan subsidi bahan api melalui BUDI95 dan Sistem Kawalan Diesel Bersubsidi (SKDS) menelan kos tinggi - sehingga RM6 bilion sebulan berbanding RM700 juta sebulan sebelum perang. Apakah jalan tengah antara pelaksanaan subsidi bersasar lebih ketat dengan menjaga kebajikan rakyat khususnya berpendapatan rendah dan sederhana? Dengarkan perbahasan pakar dalam Meja Bulat pada 21 April 2026 (Selasa) jam 3 petang di Studio F, Sinar Harian! #MejaBulat #SinarHarian #SuaraRakyat #KrisisTenaga #AsiaBarat #SelatHormuz #ekonomi #PMKS #BUDI95 #SKDS #MalaysiaMadani",
2043964209684459908,iran_subsidi,"[MEJA BULAT] KRISIS TENAGA & KELESTARIAN SUBSIDI: APA NASIB RAKYAT MARHAEN? Krisis Asia Barat melibatkan perang AS-Israel dengan Iran dan sekatan di Selat Hormuz meninggalkan impak besar kepada ekonomi negara, secara langsung menjejaskan rakyat marhaen termasuk pesawah, usahawan perusahaan mikro, kecil dan sederhana (PMKS), pengusaha bas sekolah dan lain-lain. Penerusan subsidi bahan api melalui BUDI95 dan Sistem Kawalan Diesel Bersubsidi (SKDS) menelan kos tinggi - sehingga RM6 bilion sebulan berbanding RM700 juta sebulan sebelum perang. Apakah jalan tengah antara pelaksanaan subsidi bersasar lebih ketat dengan menjaga kebajikan rakyat khususnya berpendapatan rendah dan sederhana? Dengarkan perbahasan pakar dalam rakaman Meja Bulat pada 16 April 2026 (Khamis) jam 2 petang di Studio F, Sinar Harian! #MejaBulat #SinarHarian #SuaraRakyat #KrisisTenaga #AsiaBarat #SelatHormuz #ekonomi #PMKS #BUDI95 #SKDS #MalaysiaMadani",
2043531514898706768,iran_subsidi,"Persatuan perniagaan berkata jurang perbezaan yang semakin melebar antara harga subsidi dan harga pasaran untuk bahan api, di samping kos tambahan untuk pembelian digital, adalah antara sebab stesen minyak tertentu di negara ini kehabisan bahan api. Ini meskipun terdapat jaminan kerajaan bahawa Malaysia mempunyai petrol dan diesel yang mencukupi sehingga akhir Mei ketika bekalan global terus berkurangan disebabkan oleh perang Iran-AS-Israel. Presiden Persatuan Pengusaha Stesen Minyak Bumiputera Malaysia (Bumipeda) Abdul Aziz Sapian memberitahu Malaysiakini bahawa sebarang gangguan bekalan melangkaui isu logistik sementara. Berita penuh:",
2042623766992409043,iran_subsidi,"Korang kena faham satu benda pasal harga minyak. MOPS tu harga trading kat Singapore bukan kos sebenar refinery Malaysia keluarkan minyak. Normally takpe, MOPS okay la sebagai benchmark. Tapi sekarang ni zaman gila ~ Iran-US panas, Trump hentam global trade, sanctions sana sini. Diesel MOPS naik sampai $290/barrel sedangkan kos production refinery kita around $150 je. Crack spread tu bukan kos ~ tu harga FEAR traders kat Singapore. Tapi sebab kerajaan guna MOPS sebagai rujukan subsidi, kita bayar subsidi atas harga $290 tu. Duit rakyat mengalir jadi windfall profit untuk refiner. Yang paling bodoh , APM takde circuit breaker. Takde cap. Bila market gila, subsidi pun ikut gila. Kita perlukan dual-mode pricing: MOPS masa normal, weighted average masa krisis. Kalau tak, setiap kali geopolitik panas, rakyat yang tanggung. Refiner untung, fiskal bocor, rakyat kena. Tale as old as time.",
2041810922621333553,iran_subsidi,"Malaysia tidak terkesan secara langsung oleh sekatan di laluan Selat Hormuz? 70% import minyak mentah Malaysia dari Asia Barat tu kena lalu Selat Hormuz apa yang tak terkesannya? Lepas sebulan lebih baru Iran bagi satu tanker yang bawak Malaysia punya minyak mentah lepas. Apa yang tak terkesan? Lepas tu Presiden PAS cakap Malaysia banyak sumber, tak patut naikkan harga minyak. Memang Malaysia ada sumber, sebagai pengeluar minyak, pengeluaran minyak Malaysia tiap-tiap tahun menurun. Pengeluaran minyak Malaysia dah memuncak tahun 2004 lagi lepas tu menurun setiap tahun. Sejak 2018 pengeluaran minyak mentah negara jatuh daripada 197.4 juta tong (2018) sekarang (2025) tinggal 124.6 juta tong turun dekat 40% jatuh. Nak taknak kena buat subsidi bersasar, hentikan subsidi pukal. Kalau dulu harga minyak masak, ayam, telur naik melambung-lambung tak boleh kawal sebab faktor luaran, jangan cakap harga minyak petroleum la.",
2044664592547344391,iran_english,"A fire at the largest of Australia's two oil refineries has hit petrol production, company and government officials said on Thursday, just as the nation faces pressure to shore up fuel security with the Iran war disrupting global supply. #NSTBusinessTimes",
2036717810446164447,iran_meme,"'Umpama berunding dengan diri sendiri' - Iran sindir usaha gencatan senjata AS TEHERAN - Jurucakap tentera Iran memperlekehkan usaha Amerika Syarikat (AS) untuk mencapai perjanjian gencatan senjata, dengan mendakwa bahawa kuasa besar dunia itu kini hanya berunding dengan diri mereka sendiri. Dalam satu video prarakaman yang disiarkan di televisyen kerajaan pada Rabu, Leftenan Kolonel Ebrahim Zolfaghari menyifatkan kuasa strategik AS kini telah bertukar menjadi ""kegagalan strategik"". #SinarHarian #Iran #AS #perangiranisrael",
2033407331619446946,iran_meme,Netanyahu kunjungi kafe sindir dakwaan maut serangan Iran,
1782190971851321660,iran_meme,Iran sindir Israel : Serangan dron ibarat mainan kanak-kanak #AsiaBarat #BERITA #LUARNEGARA #NASIONAL #TERKINI,
1705108261945614488,iran_meme,"@MuazAzman13 Serious LTTE? Well LTTE dah terkubur sekarang, lawak ada branch dia kat Malaysia 😂. Hezbollah jgn cakap fully sponsored by Iran 🇮🇷.",
1595237157949829121,iran_meme,Salah satu sepanduk berbunyi ‘Ia (kejuaraan) tidak akan pulang kerana kerana Harry Maguire.’,
710361182473814017,iran_meme,meme #kelat Malaysia akan perkukuh hubungan ekonomi dengan Iran: SINGAPURA – Malaysia akan memperkukuh ... #kelat,
2042984640282042477,iran_takut,"Rakyat AS bimbang, takut kesan perang dengan Iran #BHDunia 60 peratus rakyat AS menentang serangan ketenteraan terhadap Iran.",
2037862112979255569,iran_takut,"@HannZiq Aku rasa kat Malaysia je orang taktau ada perang kat Iran. Kat negara2 lain semua orang risau perang dunia ketiga mungkin tercetus, kita pulak duk masih main politik.",
2031635526009368631,iran_takut,@Marchfoward Yg pasti 7 org US army dah terkorban dlm 10 hari perang dgn Iran. US govt takut rakyat US makin benci Trump &amp; parti mrk kalah teruk dlm US midterm elections tak lama lagi.,
